{
  "accuracy": 0.92,
  "precision": 0.7307692307692307,
  "recall": 0.95,
  "f1_score": 0.8260869565217392,
  "roc_auc": 0.97953125,
  "true_negatives": 146,
  "false_positives": 14,
  "false_negatives": 2,
  "true_positives": 38,
  "fold": 4
}