{
  "accuracy": 0.85,
  "precision": 0.6086956521739131,
  "recall": 0.7,
  "f1_score": 0.6511627906976744,
  "roc_auc": 0.9284375,
  "true_negatives": 142,
  "false_positives": 18,
  "false_negatives": 12,
  "true_positives": 28,
  "fold": 3
}