{
  "accuracy": 0.94,
  "precision": 0.78,
  "recall": 0.975,
  "f1_score": 0.8666666666666667,
  "roc_auc": 0.9903124999999999,
  "true_negatives": 149,
  "false_positives": 11,
  "false_negatives": 1,
  "true_positives": 39,
  "fold": 2
}