{
  "accuracy": 0.915,
  "precision": 0.7555555555555555,
  "recall": 0.85,
  "f1_score": 0.7999999999999998,
  "roc_auc": 0.97765625,
  "true_negatives": 149,
  "false_positives": 11,
  "false_negatives": 6,
  "true_positives": 34,
  "fold": 4
}