{
  "accuracy": 0.905,
  "precision": 0.6981132075471698,
  "recall": 0.925,
  "f1_score": 0.7956989247311829,
  "roc_auc": 0.9695312500000001,
  "true_negatives": 144,
  "false_positives": 16,
  "false_negatives": 3,
  "true_positives": 37,
  "fold": 5
}