{
  "accuracy": 0.875,
  "precision": 0.6666666666666666,
  "recall": 0.75,
  "f1_score": 0.7058823529411765,
  "roc_auc": 0.91078125,
  "true_negatives": 145,
  "false_positives": 15,
  "false_negatives": 10,
  "true_positives": 30,
  "fold": 5
}