{
  "accuracy": 0.93,
  "precision": 0.8421052631578947,
  "recall": 0.8,
  "f1_score": 0.8205128205128205,
  "roc_auc": 0.94125,
  "true_negatives": 154,
  "false_positives": 6,
  "false_negatives": 8,
  "true_positives": 32,
  "fold": 1
}