{
  "accuracy": 0.935,
  "precision": 0.7755102040816326,
  "recall": 0.95,
  "f1_score": 0.8539325842696629,
  "roc_auc": 0.9803124999999999,
  "true_negatives": 149,
  "false_positives": 11,
  "false_negatives": 2,
  "true_positives": 38,
  "fold": 1
}