{
  "accuracy": 0.865,
  "precision": 0.6226415094339622,
  "recall": 0.825,
  "f1_score": 0.7096774193548386,
  "roc_auc": 0.9456249999999999,
  "true_negatives": 140,
  "false_positives": 20,
  "false_negatives": 7,
  "true_positives": 33,
  "fold": 1
}