dataset,NO_TFIDF,NO_LEXICAL,NO_HATE_LEXICON,NO_SENTIMENT,NO_EMBEDDING
reddit,0.015527950310558869,-0.10269865067466277,0.0677257525083611,-0.01769464105156726,0.0
4chan,0.0,-0.12478519497686713,0.08350357507660877,-0.014981273408239626,0.0
twitter,0.0,0.03146067415730358,0.1844018506278916,0.018273860970490108,0.022471910112359605
