accuracy,precision,recall,f1,roc_auc,n_features,dataset,experiment
0.81,0.5192307692307693,0.675,0.5869565217391304,0.8603125,1420.0,reddit,A_FULL
0.85,0.6388888888888888,0.575,0.6052631578947367,0.851328125,1000.0,reddit,B_TFIDF_ONLY
0.65,0.3026315789473684,0.575,0.396551724137931,0.6695312499999999,8.0,reddit,C_LEXICAL_ONLY
0.825,0.5490196078431373,0.7,0.6153846153846154,0.7942968749999999,3.0,reddit,D_HATE_LEXICON_ONLY
0.725,0.2972972972972973,0.275,0.28571428571428575,0.577578125,10.0,reddit,E_SENTIMENT_ONLY
0.93,0.825,0.825,0.825,0.95953125,399.0,reddit,F_EMBEDDING_ONLY
0.805,0.5098039215686274,0.65,0.5714285714285715,0.85828125,420.0,reddit,G_NO_TFIDF
0.865,0.6382978723404256,0.75,0.6896551724137931,0.9256249999999999,1412.0,reddit,H_NO_LEXICAL
0.75,0.421875,0.675,0.5192307692307693,0.76609375,1417.0,reddit,I_NO_HATE_LEXICON
0.83,0.5652173913043478,0.65,0.6046511627906976,0.83453125,1410.0,reddit,J_NO_SENTIMENT
0.81,0.5192307692307693,0.675,0.5869565217391304,0.8217187499999999,1021.0,reddit,K_NO_EMBEDDING
